{"loss": 0.039992429316043854, "epoch": 1999, "_timestamp": 1650885669, "_runtime": 131, "_step": 1999, "gradients/graph_4out.bias": {"_type": "histogram", "values": [0.0, 0.0, 0.0, 0.0, 0.0, 0.0, 0.0, 0.0, 0.0, 0.0, 0.0, 0.0, 0.0, 0.0, 0.0, 0.0, 0.0, 0.0, 0.0, 0.0, 0.0, 0.0, 0.0, 0.0, 0.0, 0.0, 0.0, 0.0, 0.0, 0.0, 0.0, 0.0, 1.0, 0.0, 0.0, 0.0, 0.0, 0.0, 0.0, 0.0, 0.0, 0.0, 0.0, 0.0, 0.0, 0.0, 0.0, 0.0, 0.0, 0.0, 0.0, 0.0, 0.0, 0.0, 0.0, 0.0, 0.0, 0.0, 0.0, 0.0, 0.0, 0.0, 0.0, 0.0], "bins": [1794.102783203125, 1794.102783203125, 1794.102783203125, 1794.102783203125, 1794.102783203125, 1794.102783203125, 1794.102783203125, 1794.102783203125, 1794.102783203125, 1794.102783203125, 1794.102783203125, 1794.102783203125, 1794.102783203125, 1794.102783203125, 1794.102783203125, 1794.102783203125, 1794.102783203125, 1794.102783203125, 1794.102783203125, 1794.102783203125, 1794.102783203125, 1794.102783203125, 1794.102783203125, 1794.102783203125, 1794.102783203125, 1794.102783203125, 1794.102783203125, 1794.102783203125, 1794.102783203125, 1794.102783203125, 1794.102783203125, 1794.102783203125, 1794.102783203125, 1794.102783203125, 1794.102783203125, 1794.102783203125, 1794.102783203125, 1794.102783203125, 1794.102783203125, 1794.102783203125, 1794.102783203125, 1794.102783203125, 1794.102783203125, 1794.102783203125, 1794.102783203125, 1794.102783203125, 1794.102783203125, 1794.102783203125, 1794.102783203125, 1794.102783203125, 1794.102783203125, 1794.102783203125, 1794.102783203125, 1794.102783203125, 1794.102783203125, 1794.102783203125, 1794.102783203125, 1794.102783203125, 1794.102783203125, 1794.102783203125, 1794.102783203125, 1794.102783203125, 1794.102783203125, 1794.102783203125, 1794.102783203125]}, "gradients/graph_4out.weight": {"_type": "histogram", "values": [34.0, 0.0, 0.0, 0.0, 0.0, 0.0, 0.0, 0.0, 0.0, 0.0, 0.0, 0.0, 0.0, 0.0, 0.0, 0.0, 0.0, 0.0, 0.0, 0.0, 0.0, 0.0, 0.0, 0.0, 0.0, 0.0, 0.0, 0.0, 0.0, 0.0, 0.0, 0.0, 0.0, 0.0, 0.0, 0.0, 0.0, 0.0, 0.0, 0.0, 0.0, 0.0, 0.0, 0.0, 0.0, 0.0, 0.0, 0.0, 0.0, 0.0, 0.0, 0.0, 0.0, 0.0, 0.0, 0.0, 0.0, 0.0, 0.0, 0.0, 0.0, 0.0, 20.0, 10.0], "bins": [0.0, 67798.8828125, 135597.765625, 203396.65625, 271195.53125, 338994.40625, 406793.3125, 474592.1875, 542391.0625, 610189.9375, 677988.8125, 745787.75, 813586.625, 881385.5, 949184.375, 1016983.25, 1084782.125, 1152581.0, 1220379.875, 1288178.75, 1355977.625, 1423776.5, 1491575.5, 1559374.25, 1627173.25, 1694972.125, 1762771.0, 1830569.875, 1898368.75, 1966167.625, 2033966.5, 2101765.5, 2169564.25, 2237363.25, 2305162.0, 2372961.0, 2440759.75, 2508558.75, 2576357.5, 2644156.5, 2711955.25, 2779754.25, 2847553.0, 2915352.0, 2983150.75, 3050949.75, 3118748.5, 3186547.5, 3254346.5, 3322145.5, 3389944.25, 3457743.25, 3525542.0, 3593341.0, 3661139.75, 3728938.75, 3796737.5, 3864536.5, 3932335.25, 4000134.25, 4067933.0, 4135732.0, 4203531.0, 4271329.5, 4339128.5]}, "gradients/graph_4layer2.bias": {"_type": "histogram", "values": [34.0, 0.0, 0.0, 0.0, 0.0, 0.0, 0.0, 0.0, 0.0, 0.0, 0.0, 0.0, 0.0, 0.0, 0.0, 0.0, 0.0, 0.0, 0.0, 0.0, 0.0, 0.0, 0.0, 0.0, 0.0, 0.0, 0.0, 0.0, 0.0, 0.0, 0.0, 0.0, 0.0, 0.0, 0.0, 0.0, 0.0, 0.0, 0.0, 0.0, 0.0, 0.0, 0.0, 0.0, 0.0, 0.0, 0.0, 0.0, 0.0, 0.0, 0.0, 0.0, 0.0, 0.0, 0.0, 0.0, 0.0, 0.0, 0.0, 0.0, 0.0, 2.0, 15.0, 13.0], "bins": [0.0, 81.12345886230469, 162.24691772460938, 243.37037658691406, 324.49383544921875, 405.6173095703125, 486.7407531738281, 567.8641967773438, 648.9876708984375, 730.1111450195312, 811.234619140625, 892.3580322265625, 973.4815063476562, 1054.60498046875, 1135.7283935546875, 1216.851806640625, 1297.975341796875, 1379.0987548828125, 1460.2222900390625, 1541.345703125, 1622.46923828125, 1703.5926513671875, 1784.716064453125, 1865.839599609375, 1946.9630126953125, 2028.08642578125, 2109.2099609375, 2190.33349609375, 2271.456787109375, 2352.580322265625, 2433.703857421875, 2514.8271484375, 2595.95068359375, 2677.07421875, 2758.197509765625, 2839.321044921875, 2920.444580078125, 3001.56787109375, 3082.69140625, 3163.81494140625, 3244.9384765625, 3326.06201171875, 3407.185302734375, 3488.308837890625, 3569.432373046875, 3650.5556640625, 3731.67919921875, 3812.802734375, 3893.926025390625, 3975.049560546875, 4056.1728515625, 4137.29638671875, 4218.419921875, 4299.54345703125, 4380.6669921875, 4461.7900390625, 4542.91357421875, 4624.037109375, 4705.16064453125, 4786.2841796875, 4867.4072265625, 4948.53076171875, 5029.654296875, 5110.77783203125, 5191.9013671875]}, "gradients/graph_4layer2.weight": {"_type": "histogram", "values": [9184.0, 0.0, 0.0, 0.0, 30.0, 0.0, 0.0, 0.0, 30.0, 59.0, 1.0, 30.0, 0.0, 30.0, 0.0, 1.0, 29.0, 16.0, 14.0, 2.0, 58.0, 0.0, 31.0, 45.0, 44.0, 0.0, 24.0, 6.0, 29.0, 1.0, 0.0, 0.0, 5.0, 60.0, 33.0, 22.0, 14.0, 84.0, 72.0, 66.0, 11.0, 39.0, 29.0, 87.0, 73.0, 43.0, 59.0, 62.0, 52.0, 36.0, 57.0, 48.0, 119.0, 201.0, 219.0, 264.0, 369.0, 482.0, 1005.0, 1448.0, 1170.0, 436.0, 42.0, 13.0], "bins": [0.0, 1439.645263671875, 2879.29052734375, 4318.935546875, 5758.5810546875, 7198.2265625, 8637.87109375, 10077.5166015625, 11517.162109375, 12956.8076171875, 14396.453125, 15836.09765625, 17275.7421875, 18715.388671875, 20155.033203125, 21594.6796875, 23034.32421875, 24473.96875, 25913.615234375, 27353.259765625, 28792.90625, 30232.55078125, 31672.1953125, 33111.83984375, 34551.484375, 35991.12890625, 37430.7734375, 38870.421875, 40310.06640625, 41749.7109375, 43189.35546875, 44629.0, 46068.6484375, 47508.29296875, 48947.9375, 50387.5859375, 51827.23046875, 53266.875, 54706.51953125, 56146.1640625, 57585.8125, 59025.45703125, 60465.1015625, 61904.75, 63344.39453125, 64784.0390625, 66223.6875, 67663.328125, 69102.96875, 70542.6171875, 71982.2578125, 73421.90625, 74861.546875, 76301.1953125, 77740.84375, 79180.484375, 80620.1328125, 82059.78125, 83499.421875, 84939.0703125, 86378.7109375, 87818.359375, 89258.0, 90697.6484375, 92137.296875]}, "gradients/graph_4layer1.bias": {"_type": "histogram", "values": [1.0, 0.0, 0.0, 0.0, 0.0, 0.0, 0.0, 0.0, 0.0, 0.0, 0.0, 0.0, 0.0, 0.0, 0.0, 0.0, 0.0, 0.0, 0.0, 0.0, 1.0, 0.0, 0.0, 1.0, 0.0, 0.0, 0.0, 0.0, 0.0, 0.0, 0.0, 0.0, 16.0, 0.0, 175.0, 52.0, 1.0, 1.0, 0.0, 0.0, 2.0, 1.0, 1.0, 0.0, 0.0, 0.0, 1.0, 0.0, 1.0, 1.0, 0.0, 0.0, 0.0, 0.0, 0.0, 0.0, 0.0, 0.0, 0.0, 0.0, 0.0, 0.0, 0.0, 1.0], "bins": [-1403258.25, -1360601.625, -1317945.0, -1275288.25, -1232631.625, -1189975.0, -1147318.375, -1104661.75, -1062005.125, -1019348.5, -976691.8125, -934035.1875, -891378.5625, -848721.875, -806065.25, -763408.625, -720751.9375, -678095.3125, -635438.625, -592782.0, -550125.375, -507468.71875, -464812.0625, -422155.4375, -379498.75, -336842.09375, -294185.46875, -251528.8125, -208872.171875, -166215.53125, -123558.875, -80902.25, -38245.625, 4411.01953125, 47067.6640625, 89724.3125, 132380.953125, 175037.59375, 217694.25, 260350.875, 303007.5, 345664.15625, 388320.78125, 430977.4375, 473634.0625, 516290.71875, 558947.375, 601604.0, 644260.6875, 686917.3125, 729574.0, 772230.625, 814887.25, 857543.875, 900200.5625, 942857.1875, 985513.875, 1028170.5, 1070827.125, 1113483.75, 1156140.5, 1198797.125, 1241453.75, 1284110.375, 1326767.0]}, "gradients/graph_4layer1.weight": {"_type": "histogram", "values": [1.0, 0.0, 0.0, 0.0, 0.0, 1.0, 0.0, 1.0, 6.0, 6.0, 3.0, 3.0, 3.0, 3.0, 3.0, 0.0, 2.0, 3.0, 5.0, 2.0, 7.0, 2.0, 6.0, 4.0, 9.0, 30.0, 13.0, 28.0, 28.0, 28.0, 38.0, 57.0, 70.0, 127.0, 10213.0, 64933.0, 8083.0, 351.0, 92.0, 55.0, 69.0, 88.0, 62.0, 44.0, 30.0, 58.0, 26.0, 34.0, 43.0, 5.0, 11.0, 6.0, 5.0, 2.0, 5.0, 3.0, 1.0, 6.0, 7.0, 7.0, 5.0, 1.0, 1.0, 1.0],