{"loss": 0.026262793689966202, "epoch": 1999, "_timestamp": 1650878577, "_runtime": 126, "_step": 1999, "gradients/graph_3out.bias": {"_type": "histogram", "values": [0.0, 0.0, 0.0, 0.0, 0.0, 0.0, 0.0, 0.0, 0.0, 0.0, 0.0, 0.0, 0.0, 0.0, 0.0, 0.0, 0.0, 0.0, 0.0, 0.0, 0.0, 0.0, 0.0, 0.0, 0.0, 0.0, 0.0, 0.0, 0.0, 0.0, 0.0, 0.0, 1.0, 0.0, 0.0, 0.0, 0.0, 0.0, 0.0, 0.0, 0.0, 0.0, 0.0, 0.0, 0.0, 0.0, 0.0, 0.0, 0.0, 0.0, 0.0, 0.0, 0.0, 0.0, 0.0, 0.0, 0.0, 0.0, 0.0, 0.0, 0.0, 0.0, 0.0, 0.0], "bins": [841.8966064453125, 841.8966064453125, 841.8966064453125, 841.8966064453125, 841.8966064453125, 841.8966064453125, 841.8966064453125, 841.8966064453125, 841.8966064453125, 841.8966064453125, 841.8966064453125, 841.8966064453125, 841.8966064453125, 841.8966064453125, 841.8966064453125, 841.8966064453125, 841.8966064453125, 841.8966064453125, 841.8966064453125, 841.8966064453125, 841.8966064453125, 841.8966064453125, 841.8966064453125, 841.8966064453125, 841.8966064453125, 841.8966064453125, 841.8966064453125, 841.8966064453125, 841.8966064453125, 841.8966064453125, 841.8966064453125, 841.8966064453125, 841.8966064453125, 841.8966064453125, 841.8966064453125, 841.8966064453125, 841.8966064453125, 841.8966064453125, 841.8966064453125, 841.8966064453125, 841.8966064453125, 841.8966064453125, 841.8966064453125, 841.8966064453125, 841.8966064453125, 841.8966064453125, 841.8966064453125, 841.8966064453125, 841.8966064453125, 841.8966064453125, 841.8966064453125, 841.8966064453125, 841.8966064453125, 841.8966064453125, 841.8966064453125, 841.8966064453125, 841.8966064453125, 841.8966064453125, 841.8966064453125, 841.8966064453125, 841.8966064453125, 841.8966064453125, 841.8966064453125, 841.8966064453125, 841.8966064453125]}, "gradients/graph_3out.weight": {"_type": "histogram", "values": [37.0, 0.0, 0.0, 0.0, 0.0, 0.0, 0.0, 0.0, 0.0, 0.0, 0.0, 0.0, 0.0, 0.0, 0.0, 0.0, 0.0, 0.0, 0.0, 0.0, 0.0, 0.0, 0.0, 0.0, 0.0, 0.0, 0.0, 0.0, 0.0, 0.0, 0.0, 0.0, 0.0, 0.0, 0.0, 0.0, 0.0, 0.0, 0.0, 0.0, 0.0, 0.0, 0.0, 0.0, 0.0, 0.0, 0.0, 0.0, 0.0, 0.0, 0.0, 0.0, 0.0, 0.0, 0.0, 0.0, 0.0, 0.0, 0.0, 0.0, 0.0, 0.0, 6.0, 21.0], "bins": [0.0, 43676.13671875, 87352.2734375, 131028.40625, 174704.546875, 218380.6875, 262056.8125, 305732.96875, 349409.09375, 393085.21875, 436761.375, 480437.5, 524113.625, 567789.75, 611465.875, 655142.0625, 698818.1875, 742494.3125, 786170.4375, 829846.625, 873522.75, 917198.875, 960875.0, 1004551.125, 1048227.25, 1091903.375, 1135579.5, 1179255.625, 1222931.75, 1266608.0, 1310284.0, 1353960.25, 1397636.375, 1441312.5, 1484988.625, 1528664.75, 1572340.875, 1616017.0, 1659693.25, 1703369.375, 1747045.5, 1790721.625, 1834397.75, 1878073.875, 1921750.0, 1965426.25, 2009102.25, 2052778.5, 2096454.5, 2140130.75, 2183806.75, 2227483.0, 2271159.0, 2314835.25, 2358511.25, 2402187.5, 2445863.75, 2489540.0, 2533216.0, 2576892.25, 2620568.25, 2664244.5, 2707920.5, 2751596.75, 2795272.75]}, "gradients/graph_3layer2.bias": {"_type": "histogram", "values": [37.0, 0.0, 0.0, 0.0, 0.0, 0.0, 0.0, 0.0, 0.0, 0.0, 0.0, 0.0, 0.0, 0.0, 0.0, 0.0, 0.0, 0.0, 0.0, 0.0, 0.0, 0.0, 0.0, 0.0, 0.0, 0.0, 0.0, 0.0, 0.0, 0.0, 0.0, 0.0, 0.0, 0.0, 0.0, 0.0, 0.0, 0.0, 0.0, 0.0, 0.0, 0.0, 0.0, 0.0, 0.0, 0.0, 0.0, 0.0, 0.0, 0.0, 0.0, 0.0, 0.0, 0.0, 0.0, 0.0, 0.0, 0.0, 0.0, 0.0, 0.0, 1.0, 15.0, 11.0], "bins": [0.0, 37.6840705871582, 75.3681411743164, 113.05221557617188, 150.7362823486328, 188.42034912109375, 226.10443115234375, 263.7884826660156, 301.4725646972656, 339.1566467285156, 376.8406982421875, 414.5247802734375, 452.2088623046875, 489.8929138183594, 527.5770263671875, 565.2610473632812, 602.9451293945312, 640.6292114257812, 678.3132934570312, 715.997314453125, 753.681396484375, 791.365478515625, 829.049560546875, 866.733642578125, 904.417724609375, 942.101806640625, 979.785888671875, 1017.469970703125, 1055.154052734375, 1092.838134765625, 1130.522216796875, 1168.2061767578125, 1205.8902587890625, 1243.5743408203125, 1281.2584228515625, 1318.9425048828125, 1356.6265869140625, 1394.310546875, 1431.99462890625, 1469.6787109375, 1507.36279296875, 1545.046875, 1582.73095703125, 1620.4150390625, 1658.09912109375, 1695.783203125, 1733.46728515625, 1771.1512451171875, 1808.83544921875, 1846.51953125, 1884.20361328125, 1921.8876953125, 1959.57177734375, 1997.255859375, 2034.93994140625, 2072.6240234375, 2110.307861328125, 2147.991943359375, 2185.676025390625, 2223.360107421875, 2261.044189453125, 2298.728271484375, 2336.412353515625, 2374.096435546875, 2411.780517578125]}, "gradients/graph_3layer2.weight": {"_type": "histogram", "values": [9769.0, 81.0, 0.0, 54.0, 81.0, 2.0, 25.0, 33.0, 75.0, 0.0, 54.0, 27.0, 24.0, 33.0, 51.0, 110.0, 158.0, 215.0, 456.0, 495.0, 1390.0, 3111.0, 113.0, 0.0, 0.0, 0.0, 0.0, 0.0, 0.0, 0.0, 0.0, 0.0, 0.0, 0.0, 0.0, 0.0, 0.0, 0.0, 0.0, 0.0, 0.0, 0.0, 0.0, 0.0, 0.0, 0.0, 0.0, 0.0, 0.0, 0.0, 0.0, 0.0, 0.0, 0.0, 0.0, 0.0, 0.0, 0.0, 0.0, 0.0, 0.0, 1.0, 15.0, 11.0], "bins": [0.0, 2678.36474609375, 5356.7294921875, 8035.09423828125, 10713.458984375, 13391.82421875, 16070.1884765625, 18748.552734375, 21426.91796875, 24105.283203125, 26783.6484375, 29462.01171875, 32140.376953125, 34818.7421875, 37497.10546875, 40175.46875, 42853.8359375, 45532.19921875, 48210.56640625, 50888.9296875, 53567.296875, 56245.66015625, 58924.0234375, 61602.390625, 64280.75390625, 66959.1171875, 69637.484375, 72315.8515625, 74994.2109375, 77672.578125, 80350.9453125, 83029.3046875, 85707.671875, 88386.0390625, 91064.3984375, 93742.765625, 96421.1328125, 99099.5, 101777.859375, 104456.2265625, 107134.59375, 109812.9609375, 112491.3203125, 115169.6875, 117848.0546875, 120526.421875, 123204.78125, 125883.1484375, 128561.5078125, 131239.875, 133918.234375, 136596.609375, 139274.96875, 141953.328125, 144631.703125, 147310.0625, 149988.421875, 152666.78125, 155345.15625, 158023.515625, 160701.875, 163380.25, 166058.609375, 168736.96875, 171415.34375]}, "gradients/graph_3layer1.bias": {"_type": "histogram", "values": [1.0, 0.0, 0.0, 0.0, 0.0, 0.0, 0.0, 0.0, 0.0, 0.0, 0.0, 0.0, 0.0, 0.0, 0.0, 0.0, 0.0, 0.0, 0.0, 0.0, 0.0, 0.0, 0.0, 0.0, 0.0, 0.0, 0.0, 0.0, 0.0, 0.0, 1.0, 0.0, 1.0, 0.0, 0.0, 0.0, 0.0, 0.0, 0.0, 0.0, 1.0, 0.0, 0.0, 0.0, 0.0, 0.0, 11.0, 1.0, 223.0, 2.0, 2.0, 3.0, 1.0, 0.0, 0.0, 2.0, 0.0, 0.0, 0.0, 1.0, 4.0, 0.0, 0.0, 2.0], "bins": [-904069.3125, -884527.9375, -864986.5625, -845445.1875, -825903.8125, -806362.375, -786821.0, -767279.625, -747738.25, -728196.875, -708655.5, -689114.125, -669572.75, -650031.375, -630490.0, -610948.5625, -591407.25, -571865.875, -552324.5, -532783.125, -513241.71875, -493700.34375, -474158.96875, -454617.5625, -435076.1875, -415534.8125, -395993.4375, -376452.0625, -356910.65625, -337369.28125, -317827.90625, -298286.5, -278745.09375, -259203.71875, -239662.328125, -220120.953125, -200579.5625, -181038.1875, -161496.8125, -141955.421875, -122414.03125, -102872.6484375, -83331.265625, -63789.890625, -44248.5078125, -24707.125, -5165.75, 14375.640625, 33917.0, 53458.3828125, 72999.765625, 92541.140625, 112082.5234375, 131623.90625, 151165.28125, 170706.671875, 190248.046875, 209789.421875, 229330.8125, 248872.1875, 268413.5625, 287954.9375, 307496.3125, 327037.71875, 346579.09375]}, "gradients/graph_3layer1.weight": {"_type": "histogram", "values": [1.0, 5.0, 7.0, 5.0, 0.0, 2.0, 0.0, 3.0, 2.0, 0.0, 4.0, 3.0, 5.0, 3.0, 5.0, 1.0, 2.0, 5.0, 4.0, 12.0, 23.0, 40.0, 35.0, 28.0, 36.0, 85.0, 127.0, 192.0, 3170.0, 72152.0, 7508.0, 362.0, 229.0, 108.0, 132.0, 86.0, 64.0, 122.0, 35.0, 54.0, 16.0, 7.0, 14.0, 4.0, 8.0, 6.0, 5.0, 0.0, 4.0, 5.0, 0.0, 3.0, 1.0, 2.0, 3.0, 0.0, 0.0, 0.0, 0.0, 0.0, 0.0, 0.0, 0.0, 1.0],